"","signal","voltage","threshold","delay","nPixel","sensor","LED","lambda","comment","depth","Id"
"1",60.2682347965034,10,360,100,2317.78190994263,"H4W261","Red",630,"",300,"H4W261  :    :  300  (nm)"
"2",43.8543007606788,3.5,360,100,525.074714244671,"H4W261","Red",630,"",300,"H4W261  :    :  300  (nm)"
"3",39.6209114547694,3,360,100,376.609108113698,"H4W261","Red",630,"",300,"H4W261  :    :  300  (nm)"
"4",47.8832005424648,4.5,360,100,1097.95835801908,"H4W261","Red",630,"",300,"H4W261  :    :  300  (nm)"
"5",46.8646873717335,4,360,100,763.823005596844,"H4W261","Red",630,"",300,"H4W261  :    :  300  (nm)"
"6",48.8111609756098,5.5,360,100,1589.82417835809,"H4W261","Red",630,"",300,"H4W261  :    :  300  (nm)"
"7",51.4194750656168,5,360,100,1023.56838002048,"H4W261","Red",630,"",300,"H4W261  :    :  300  (nm)"
"8",52.0133095586831,6.5,360,100,1625.14188874889,"H4W261","Red",630,"",300,"H4W261  :    :  300  (nm)"
"9",50.9917484151999,6,360,100,1403.56163051965,"H4W261","Red",630,"",300,"H4W261  :    :  300  (nm)"
"10",54.5984522785899,7.5,360,100,1938.2527182069,"H4W261","Red",630,"",300,"H4W261  :    :  300  (nm)"
"11",52.5460810931766,7,360,100,1865.01578569931,"H4W261","Red",630,"",300,"H4W261  :    :  300  (nm)"
"12",56.6664521399045,8.5,360,100,1926.18565753133,"H4W261","Red",630,"",300,"H4W261  :    :  300  (nm)"
"13",55.1365897307682,8,360,100,1886.87443005687,"H4W261","Red",630,"",300,"H4W261  :    :  300  (nm)"
"14",62.4116245469063,9.5,360,100,1878.62094664465,"H4W261","Red",630,"",300,"H4W261  :    :  300  (nm)"
"15",57.727067778532,9,360,100,2131.32689975919,"H4W261","Red",630,"",300,"H4W261  :    :  300  (nm)"
"16",86.3539931816912,10,385,100,1211.09167861938,"C7W260","Red",630,"",200,"C7W260  :    :  200  (nm)"
"17",45.0397866756963,3.5,385,100,868.732704337461,"C7W260","Red",630,"",200,"C7W260  :    :  200  (nm)"
"18",39.1434754933164,3,385,100,658.570720162781,"C7W260","Red",630,"",200,"C7W260  :    :  200  (nm)"
"19",54.7976324317175,4.5,385,100,1031.39010919708,"C7W260","Red",630,"",200,"C7W260  :    :  200  (nm)"
"20",49.9593813349351,4,385,100,967.367911129206,"C7W260","Red",630,"",200,"C7W260  :    :  200  (nm)"
"21",62.7402533513713,5.5,385,100,1074.92356751997,"C7W260","Red",630,"",200,"C7W260  :    :  200  (nm)"
"22",58.9870007535795,5,385,100,1062.19026932443,"C7W260","Red",630,"",200,"C7W260  :    :  200  (nm)"
"23",69.6067323481117,6.5,385,100,1113.45527303747,"C7W260","Red",630,"",200,"C7W260  :    :  200  (nm)"
"24",66.349487194866,6,385,100,1091.07574358992,"C7W260","Red",630,"",200,"C7W260  :    :  200  (nm)"
"25",74.8570884871551,7.5,385,100,1135.71190085553,"C7W260","Red",630,"",200,"C7W260  :    :  200  (nm)"
"26",72.4094324355566,7,385,100,1130.23240415936,"C7W260","Red",630,"",200,"C7W260  :    :  200  (nm)"
"27",79.8893896400156,8.5,385,100,1158.21872183305,"C7W260","Red",630,"",200,"C7W260  :    :  200  (nm)"
"28",77.5491222147198,8,385,100,1145.78374522919,"C7W260","Red",630,"",200,"C7W260  :    :  200  (nm)"
"29",84.3884168638417,9.5,385,100,1196.17468983411,"C7W260","Red",630,"",200,"C7W260  :    :  200  (nm)"
"30",82.20551979928,9,385,100,1179.56077418268,"C7W260","Red",630,"",200,"C7W260  :    :  200  (nm)"
"31",79.8724167252024,10,390,100,1371.74689483643,"E7W260","Red",630,"",-1,"E7W260  :    :  -1  (nm)"
"32",57.3824983299933,3.5,390,100,809.73670529727,"E7W260","Red",630,"",-1,"E7W260  :    :  -1  (nm)"
"33",50.2814250155569,3,390,100,686.543521378909,"E7W260","Red",630,"",-1,"E7W260  :    :  -1  (nm)"
"34",65.0815207984769,4.5,390,100,945.710234725039,"E7W260","Red",630,"",-1,"E7W260  :    :  -1  (nm)"
"35",63.2286385557067,4,390,100,857.814309521169,"E7W260","Red",630,"",-1,"E7W260  :    :  -1  (nm)"
"36",71.5130416267433,5.5,390,100,1022.55843317854,"E7W260","Red",630,"",-1,"E7W260  :    :  -1  (nm)"
"37",68.7529887093203,5,390,100,930.451758496157,"E7W260","Red",630,"",-1,"E7W260  :    :  -1  (nm)"
"38",72.3732615736331,6.5,390,100,1105.4193123851,"E7W260","Red",630,"",-1,"E7W260  :    :  -1  (nm)"
"39",71.3941562313655,6,390,100,1046.3366688143,"E7W260","Red",630,"",-1,"E7W260  :    :  -1  (nm)"
"40",76.5706118038986,7.5,390,100,1244.03309123358,"E7W260","Red",630,"",-1,"E7W260  :    :  -1  (nm)"
"41",76.0913070371604,7,390,100,1075.90310484522,"E7W260","Red",630,"",-1,"E7W260  :    :  -1  (nm)"
"42",76.4077392911677,8.5,390,100,1320.36797314282,"E7W260","Red",630,"",-1,"E7W260  :    :  -1  (nm)"
"43",76.6531820204717,8,390,100,1158.0859362945,"E7W260","Red",630,"",-1,"E7W260  :    :  -1  (nm)"
"44",80.9612841930248,9.5,390,100,1249.7525998801,"E7W260","Red",630,"",-1,"E7W260  :    :  -1  (nm)"
"45",82.6375577306046,9,390,100,1231.51110220451,"E7W260","Red",630,"",-1,"E7W260  :    :  -1  (nm)"
"46",86.9521730950141,10,300,100,1344.11464691162,"H9W261","Red",630,"",50,"H9W261  :    :  50  (nm)"
"47",63.5457943925234,3.5,300,100,779.884218434614,"H9W261","Red",630,"",50,"H9W261  :    :  50  (nm)"
"48",57.1481147393108,3,300,100,562.967521446645,"H9W261","Red",630,"",50,"H9W261  :    :  50  (nm)"
"49",75.2841533353456,4.5,300,100,828.748405394595,"H9W261","Red",630,"",50,"H9W261  :    :  50  (nm)"
"50",69.9415460776847,4,300,100,785.300204750834,"H9W261","Red",630,"",50,"H9W261  :    :  50  (nm)"
"51",80.1329013992487,5.5,300,100,1040.00478992501,"H9W261","Red",630,"",50,"H9W261  :    :  50  (nm)"
"52",80.4349915040722,5,300,100,877.880186090069,"H9W261","Red",630,"",50,"H9W261  :    :  50  (nm)"
"53",82.1544739002366,6.5,300,100,1028.36592269933,"H9W261","Red",630,"",50,"H9W261  :    :  50  (nm)"
"54",80.3558884558935,6,300,100,1068.17363045868,"H9W261","Red",630,"",50,"H9W261  :    :  50  (nm)"
"55",84.6891158922437,7.5,300,100,1117.99595103003,"H9W261","Red",630,"",50,"H9W261  :    :  50  (nm)"
"56",84.4242149470268,7,300,100,1057.78502844992,"H9W261","Red",630,"",50,"H9W261  :    :  50  (nm)"
"57",85.8981760374833,8.5,300,100,1227.6109405232,"H9W261","Red",630,"",50,"H9W261  :    :  50  (nm)"
"58",84.8902885537442,8,300,100,1242.70683595837,"H9W261","Red",630,"",50,"H9W261  :    :  50  (nm)"
"59",85.058473500476,9.5,300,100,1527.98187199943,"H9W261","Red",630,"",50,"H9W261  :    :  50  (nm)"
"60",87.1497095974981,9,300,100,1380.76542469382,"H9W261","Red",630,"",50,"H9W261  :    :  50  (nm)"
"61",172.705559982836,10,400,100,4430.93477630615,"H5W261","Red",630,"NS",120,"H5W261  :  NS  :  120  (nm)"
"62",82.6444937860425,3.5,400,100,3196.74339854198,"H5W261","Red",630,"NS",120,"H5W261  :  NS  :  120  (nm)"
"63",71.990353523493,3,400,100,3089.45745991401,"H5W261","Red",630,"NS",120,"H5W261  :  NS  :  120  (nm)"
"64",101.19058622727,4.5,400,100,3717.83858195774,"H5W261","Red",630,"NS",120,"H5W261  :  NS  :  120  (nm)"
"65",90.2145120362115,4,400,100,3829.20879523961,"H5W261","Red",630,"NS",120,"H5W261  :  NS  :  120  (nm)"
"66",121.079853764195,5.5,400,100,4113.95879785308,"H5W261","Red",630,"NS",120,"H5W261  :  NS  :  120  (nm)"
"67",110.552040622025,5,400,100,3862.55186454544,"H5W261","Red",630,"NS",120,"H5W261  :  NS  :  120  (nm)"
"68",138.287099260544,6.5,400,100,4251.6194201505,"H5W261","Red",630,"NS",120,"H5W261  :  NS  :  120  (nm)"
"69",130.681065949785,6,400,100,4080.23641704449,"H5W261","Red",630,"NS",120,"H5W261  :  NS  :  120  (nm)"
"70",154.896562766866,7.5,400,100,4193.13979003223,"H5W261","Red",630,"NS",120,"H5W261  :  NS  :  120  (nm)"
"71",149.875794016389,7,400,100,4247.07743862112,"H5W261","Red",630,"NS",120,"H5W261  :  NS  :  120  (nm)"
"72",167.373963625831,8.5,400,100,4227.61055007446,"H5W261","Red",630,"NS",120,"H5W261  :  NS  :  120  (nm)"
"73",160.118007055091,8,400,100,4226.30443307981,"H5W261","Red",630,"NS",120,"H5W261  :  NS  :  120  (nm)"
"74",169.193738434231,9.5,400,100,4421.33976994406,"H5W261","Red",630,"NS",120,"H5W261  :  NS  :  120  (nm)"
"75",169.049172035888,9,400,100,4516.2404562755,"H5W261","Red",630,"NS",120,"H5W261  :  NS  :  120  (nm)"
"76",157.180623055988,10,340,100,4420.05150222778,"H6W261","Red",630,"NS",200,"H6W261  :  NS  :  200  (nm)"
"77",86.920101359278,3.5,340,100,3332.48415384579,"H6W261","Red",630,"NS",200,"H6W261  :  NS  :  200  (nm)"
"78",72.3459625584508,3,340,100,3036.21326348143,"H6W261","Red",630,"NS",200,"H6W261  :  NS  :  200  (nm)"
"79",101.984547616702,4.5,340,100,3812.99788515713,"H6W261","Red",630,"NS",200,"H6W261  :  NS  :  200  (nm)"
"80",93.0878026893254,4,340,100,3817.39786719873,"H6W261","Red",630,"NS",200,"H6W261  :  NS  :  200  (nm)"
"81",118.697530398006,5.5,340,100,4005.14592437337,"H6W261","Red",630,"NS",200,"H6W261  :  NS  :  200  (nm)"
"82",112.010533410869,5,340,100,3992.92040471253,"H6W261","Red",630,"NS",200,"H6W261  :  NS  :  200  (nm)"
"83",135.336887226627,6.5,340,100,4085.69572242814,"H6W261","Red",630,"NS",200,"H6W261  :  NS  :  200  (nm)"
"84",128.815878578675,6,340,100,4163.78468073983,"H6W261","Red",630,"NS",200,"H6W261  :  NS  :  200  (nm)"
"85",147.50281888654,7.5,340,100,4275.6441264814,"H6W261","Red",630,"NS",200,"H6W261  :  NS  :  200  (nm)"
"86",141.213580290719,7,340,100,4179.88810471368,"H6W261","Red",630,"NS",200,"H6W261  :  NS  :  200  (nm)"
"87",156.010754583921,8.5,340,100,4266.98937203999,"H6W261","Red",630,"NS",200,"H6W261  :  NS  :  200  (nm)"
"88",151.053123440021,8,340,100,4395.57777784228,"H6W261","Red",630,"NS",200,"H6W261  :  NS  :  200  (nm)"
"89",156.484357170623,9.5,340,100,4479.70644488864,"H6W261","Red",630,"NS",200,"H6W261  :  NS  :  200  (nm)"
"90",158.484146792935,9,340,100,4323.56298390664,"H6W261","Red",630,"NS",200,"H6W261  :  NS  :  200  (nm)"
"91",172.260956149869,10,360,100,4383.01601409912,"H4W261","Red",630,"NS",300,"H4W261  :  NS  :  300  (nm)"
"92",81.9351297696552,3.5,360,100,3879.45926478579,"H4W261","Red",630,"NS",300,"H4W261  :  NS  :  300  (nm)"
"93",73.1677918494062,3,360,100,2990.48654834607,"H4W261","Red",630,"NS",300,"H4W261  :  NS  :  300  (nm)"
"94",80.5444899346924,4.5,360,100,3608.46884629545,"H4W261","Red",630,"NS",300,"H4W261  :  NS  :  300  (nm)"
"95",91.8843535516991,4,360,100,3677.6599473359,"H4W261","Red",630,"NS",300,"H4W261  :  NS  :  300  (nm)"
"96",119.961039285179,5.5,360,100,4008.17680484762,"H4W261","Red",630,"NS",300,"H4W261  :  NS  :  300  (nm)"
"97",109.533694389739,5,360,100,4090.41540370332,"H4W261","Red",630,"NS",300,"H4W261  :  NS  :  300  (nm)"
"98",135.798280913766,6.5,360,100,4123.70418055611,"H4W261","Red",630,"NS",300,"H4W261  :  NS  :  300  (nm)"
"99",126.869461429465,6,360,100,4140.4501102607,"H4W261","Red",630,"NS",300,"H4W261  :  NS  :  300  (nm)"
"100",150.843434044117,7.5,360,100,4260.40975275061,"H4W261","Red",630,"NS",300,"H4W261  :  NS  :  300  (nm)"
"101",143.850502939584,7,360,100,4276.66402591611,"H4W261","Red",630,"NS",300,"H4W261  :  NS  :  300  (nm)"
"102",162.455800293686,8.5,360,100,4358.18119938665,"H4W261","Red",630,"NS",300,"H4W261  :  NS  :  300  (nm)"
"103",156.988812533715,8,360,100,4277.07399212112,"H4W261","Red",630,"NS",300,"H4W261  :  NS  :  300  (nm)"
"104",169.160848479028,9.5,360,100,4432.04089178847,"H4W261","Red",630,"NS",300,"H4W261  :  NS  :  300  (nm)"
"105",166.717859054416,9,360,100,4369.80814750841,"H4W261","Red",630,"NS",300,"H4W261  :  NS  :  300  (nm)"
"110",57.164995132553,10,360,100,2430.93264389038,"H4W261","Blue",470,"",300,"H4W261  :    :  300  (nm)"
"2100",45.4513246688328,3.5,360,100,791.192914834297,"H4W261","Blue",470,"",300,"H4W261  :    :  300  (nm)"
"3100",34.2305317324185,3,360,100,497.283888231115,"H4W261","Blue",470,"",300,"H4W261  :    :  300  (nm)"
"4100",47.774696435566,4.5,360,100,1531.60012299326,"H4W261","Blue",470,"",300,"H4W261  :    :  300  (nm)"
"526",47.5838697463082,4,360,100,1047.72072525048,"H4W261","Blue",470,"",300,"H4W261  :    :  300  (nm)"
"610",51.3225084372202,5.5,360,100,1325.44623321672,"H4W261","Blue",470,"",300,"H4W261  :    :  300  (nm)"
"1710",52.8869201151359,5,360,100,1453.03008968397,"H4W261","Blue",470,"",300,"H4W261  :    :  300  (nm)"
"1910",52.1018444503656,6.5,360,100,1591.0891581188,"H4W261","Blue",470,"",300,"H4W261  :    :  300  (nm)"
"2010",52.4430267250682,6,360,100,1821.21817033607,"H4W261","Blue",470,"",300,"H4W261  :    :  300  (nm)"
"2110",52.8092913427609,7.5,360,100,1867.84223407396,"H4W261","Blue",470,"",300,"H4W261  :    :  300  (nm)"
"2210",54.9845237036378,7,360,100,1787.89357155272,"H4W261","Blue",470,"",300,"H4W261  :    :  300  (nm)"
"2310",54.2083925334379,8.5,360,100,1852.89876345362,"H4W261","Blue",470,"",300,"H4W261  :    :  300  (nm)"
"2410",52.5221032467214,8,360,100,2080.97002200844,"H4W261","Blue",470,"",300,"H4W261  :    :  300  (nm)"
"2510",57.8169190986332,9.5,360,100,1985.85075563435,"H4W261","Blue",470,"",300,"H4W261  :    :  300  (nm)"
"2610",54.5015802193716,9,360,100,2479.329578115,"H4W261","Blue",470,"",300,"H4W261  :    :  300  (nm)"
"121",63.8923733151339,10,385,100,1486.99161529541,"C7W260","Blue",470,"",200,"C7W260  :    :  200  (nm)"
"122",38.8722682119205,3.5,385,100,635.894672377806,"C7W260","Blue",470,"",200,"C7W260  :    :  200  (nm)"
"123",26.2058293269231,3,385,100,170.748243131013,"C7W260","Blue",470,"",200,"C7W260  :    :  200  (nm)"
"124",48.7700582463137,4.5,385,100,971.307889458166,"C7W260","Blue",470,"",200,"C7W260  :    :  200  (nm)"
"125",44.8989233002661,4,385,100,859.628487220553,"C7W260","Blue",470,"",200,"C7W260  :    :  200  (nm)"
"126",53.2923450901252,5.5,385,100,1108.4799778528,"C7W260","Blue",470,"",200,"C7W260  :    :  200  (nm)"
"127",51.3935129403827,5,385,100,1046.00268264766,"C7W260","Blue",470,"",200,"C7W260  :    :  200  (nm)"
"128",56.8482836855594,6.5,385,100,1206.88533402001,"C7W260","Blue",470,"",200,"C7W260  :    :  200  (nm)"
"129",55.4879874651811,6,385,100,1185.11679055278,"C7W260","Blue",470,"",200,"C7W260  :    :  200  (nm)"
"130",58.9687293118891,7.5,385,100,1302.89322875364,"C7W260","Blue",470,"",200,"C7W260  :    :  200  (nm)"
"131",57.989217784598,7,385,100,1235.76949671407,"C7W260","Blue",470,"",200,"C7W260  :    :  200  (nm)"
"132",61.3307112908612,8.5,385,100,1351.00863603496,"C7W260","Blue",470,"",200,"C7W260  :    :  200  (nm)"
"133",60.1602226797834,8,385,100,1338.70628930785,"C7W260","Blue",470,"",200,"C7W260  :    :  200  (nm)"
"134",63.0726426405247,9.5,385,100,1428.01409474619,"C7W260","Blue",470,"",200,"C7W260  :    :  200  (nm)"
"135",62.3606920063833,9,385,100,1373.34013369388,"C7W260","Blue",470,"",200,"C7W260  :    :  200  (nm)"
"136",66.470870655679,10,390,100,2133.62500762939,"E7W260","Blue",470,"",-1,"E7W260  :    :  -1  (nm)"
"137",51.5145493973473,3.5,390,100,1056.95350003244,"E7W260","Blue",470,"",-1,"E7W260  :    :  -1  (nm)"
"138",44.9419243986254,3,390,100,632.617233187676,"E7W260","Blue",470,"",-1,"E7W260  :    :  -1  (nm)"
"139",58.6850025340143,4.5,390,100,1360.87681506583,"E7W260","Blue",470,"",-1,"E7W260  :    :  -1  (nm)"
"140",56.2593380820014,4,390,100,1229.08863997806,"E7W260","Blue",470,"",-1,"E7W260  :    :  -1  (nm)"
"141",61.29545144106,5.5,390,100,1467.40192048767,"E7W260","Blue",470,"",-1,"E7W260  :    :  -1  (nm)"
"142",61.4158456486043,5,390,100,1400.14465217957,"E7W260","Blue",470,"",-1,"E7W260  :    :  -1  (nm)"
"143",63.0215159828612,6.5,390,100,1524.28904751711,"E7W260","Blue",470,"",-1,"E7W260  :    :  -1  (nm)"
"144",59.4066139833064,6,390,100,1909.40275056657,"E7W260","Blue",470,"",-1,"E7W260  :    :  -1  (nm)"
"145",63.9361952202384,7.5,390,100,1941.66149788427,"E7W260","Blue",470,"",-1,"E7W260  :    :  -1  (nm)"
"146",62.6951177484205,7,390,100,1751.40917141246,"E7W260","Blue",470,"",-1,"E7W260  :    :  -1  (nm)"
"147",64.3206391683607,8.5,390,100,1811.75637513956,"E7W260","Blue",470,"",-1,"E7W260  :    :  -1  (nm)"
"148",63.4640313484604,8,390,100,1849.09312964702,"E7W260","Blue",470,"",-1,"E7W260  :    :  -1  (nm)"
"149",65.6733103734642,9.5,390,100,2416.70498102785,"E7W260","Blue",470,"",-1,"E7W260  :    :  -1  (nm)"
"150",66.6993726540148,9,390,100,2186.05449048039,"E7W260","Blue",470,"",-1,"E7W260  :    :  -1  (nm)"
"151",77.0452960974437,10,300,100,2604.45484924316,"H9W261","Blue",470,"",50,"H9W261  :    :  50  (nm)"
"152",61.517778764117,3.5,300,100,993.036522779177,"H9W261","Blue",470,"",50,"H9W261  :    :  50  (nm)"
"153",47.4375297666296,3,300,100,617.371896813436,"H9W261","Blue",470,"",50,"H9W261  :    :  50  (nm)"
"154",67.0354160769884,4.5,300,100,1381.57772325878,"H9W261","Blue",470,"",50,"H9W261  :    :  50  (nm)"
"155",65.3008316258889,4,300,100,1330.44721141381,"H9W261","Blue",470,"",50,"H9W261  :    :  50  (nm)"
"156",69.0326260346125,5.5,300,100,1565.86828126375,"H9W261","Blue",470,"",50,"H9W261  :    :  50  (nm)"
"157",66.9616114343537,5,300,100,1711.063359963,"H9W261","Blue",470,"",50,"H9W261  :    :  50  (nm)"
"158",71.5693830163644,6.5,300,100,1901.16849148437,"H9W261","Blue",470,"",50,"H9W261  :    :  50  (nm)"
"159",69.1483643236332,6,300,100,1937.06006845187,"H9W261","Blue",470,"",50,"H9W261  :    :  50  (nm)"
"160",75.0300443367389,7.5,300,100,1852.83789073957,"H9W261","Blue",470,"",50,"H9W261  :    :  50  (nm)"
"161",75.0731484809112,7,300,100,1766.36585586146,"H9W261","Blue",470,"",50,"H9W261  :    :  50  (nm)"
"162",75.8326975874049,8.5,300,100,2095.15216897174,"H9W261","Blue",470,"",50,"H9W261  :    :  50  (nm)"
"163",75.97919807825,8,300,100,2095.39067678865,"H9W261","Blue",470,"",50,"H9W261  :    :  50  (nm)"
"164",75.2422887895568,9.5,300,100,2232.35691526542,"H9W261","Blue",470,"",50,"H9W261  :    :  50  (nm)"
"165",76.0216096412245,9,300,100,2354.52407142051,"H9W261","Blue",470,"",50,"H9W261  :    :  50  (nm)"
"166",172.781413730513,10,400,100,4239.52851486206,"H5W261","Blue",470,"NS",120,"H5W261  :  NS  :  120  (nm)"
"167",86.8913777982258,3.5,400,100,3508.13644319251,"H5W261","Blue",470,"NS",120,"H5W261  :  NS  :  120  (nm)"
"168",69.8047807477994,3,400,100,3240.06050326623,"H5W261","Blue",470,"NS",120,"H5W261  :  NS  :  120  (nm)"
"169",114.085555584463,4.5,400,100,3932.30980312443,"H5W261","Blue",470,"NS",120,"H5W261  :  NS  :  120  (nm)"
"170",101.081438131549,4,400,100,3896.4148393818,"H5W261","Blue",470,"NS",120,"H5W261  :  NS  :  120  (nm)"
"171",134.254820127704,5.5,400,100,4067.8468120858,"H5W261","Blue",470,"NS",120,"H5W261  :  NS  :  120  (nm)"
"172",124.60623487833,5,400,100,3944.0394417702,"H5W261","Blue",470,"NS",120,"H5W261  :  NS  :  120  (nm)"
"173",150.237245375863,6.5,400,100,4152.06059844864,"H5W261","Blue",470,"NS",120,"H5W261  :  NS  :  120  (nm)"
"174",142.532276149287,6,400,100,4155.6133290493,"H5W261","Blue",470,"NS",120,"H5W261  :  NS  :  120  (nm)"
"175",156.151733995336,7.5,400,100,4185.22436449686,"H5W261","Blue",470,"NS",120,"H5W261  :  NS  :  120  (nm)"
"176",151.404637938038,7,400,100,4205.11669583199,"H5W261","Blue",470,"NS",120,"H5W261  :  NS  :  120  (nm)"
"177",160.870492070049,8.5,400,100,4307.35380576457,"H5W261","Blue",470,"NS",120,"H5W261  :  NS  :  120  (nm)"
"178",159.895107547957,8,400,100,4176.09911413919,"H5W261","Blue",470,"NS",120,"H5W261  :  NS  :  120  (nm)"
"179",167.604022270197,9.5,400,100,4275.39316005538,"H5W261","Blue",470,"NS",120,"H5W261  :  NS  :  120  (nm)"
"180",165.332317576404,9,400,100,4235.16271666176,"H5W261","Blue",470,"NS",120,"H5W261  :  NS  :  120  (nm)"
"181",139.703849340655,10,340,100,3802.25537490845,"H6W261","Blue",470,"NS",200,"H6W261  :  NS  :  200  (nm)"
"182",79.7263694487645,3.5,340,100,3022.979128371,"H6W261","Blue",470,"NS",200,"H6W261  :  NS  :  200  (nm)"
"183",66.5674690725711,3,340,100,2486.54854579759,"H6W261","Blue",470,"NS",200,"H6W261  :  NS  :  200  (nm)"
"184",97.8456509643917,4.5,340,100,3337.33648214063,"H6W261","Blue",470,"NS",200,"H6W261  :  NS  :  200  (nm)"
"185",88.2030607907043,4,340,100,3058.41060511872,"H6W261","Blue",470,"NS",200,"H6W261  :  NS  :  200  (nm)"
"186",107.836824230764,5.5,340,100,3616.74357111093,"H6W261","Blue",470,"NS",200,"H6W261  :  NS  :  200  (nm)"
"187",104.466340974951,5,340,100,3480.56761692728,"H6W261","Blue",470,"NS",200,"H6W261  :  NS  :  200  (nm)"
"188",116.768284826708,6.5,340,100,3659.79042352222,"H6W261","Blue",470,"NS",200,"H6W261  :  NS  :  200  (nm)"
"189",112.412492046046,6,340,100,3504.97960050664,"H6W261","Blue",470,"NS",200,"H6W261  :  NS  :  200  (nm)"
"190",126.542800034761,7.5,340,100,3541.7555026619,"H6W261","Blue",470,"NS",200,"H6W261  :  NS  :  200  (nm)"
"191",121.335246598639,7,340,100,3736.74490119076,"H6W261","Blue",470,"NS",200,"H6W261  :  NS  :  200  (nm)"
"192",130.720173964614,8.5,340,100,3735.63140820484,"H6W261","Blue",470,"NS",200,"H6W261  :  NS  :  200  (nm)"
"193",127.336587370181,8,340,100,3632.62277914316,"H6W261","Blue",470,"NS",200,"H6W261  :  NS  :  200  (nm)"
"194",135.83746499182,9.5,340,100,3933.56663631969,"H6W261","Blue",470,"NS",200,"H6W261  :  NS  :  200  (nm)"
"195",135.847827322591,9,340,100,3711.63594735458,"H6W261","Blue",470,"NS",200,"H6W261  :  NS  :  200  (nm)"
"196",176.66625923162,10,360,100,4299.09072494507,"H4W261","Blue",470,"NS",300,"H4W261  :  NS  :  300  (nm)"
"197",88.8461643368565,3.5,360,100,3638.42721002717,"H4W261","Blue",470,"NS",300,"H4W261  :  NS  :  300  (nm)"
"198",70.8920415120524,3,360,100,3314.9722908539,"H4W261","Blue",470,"NS",300,"H4W261  :  NS  :  300  (nm)"
"199",120.439754874367,4.5,360,100,3957.08373636683,"H4W261","Blue",470,"NS",300,"H4W261  :  NS  :  300  (nm)"
"200",104.029865720019,4,360,100,3935.86174790141,"H4W261","Blue",470,"NS",300,"H4W261  :  NS  :  300  (nm)"
"201",142.149589000518,5.5,360,100,4057.00221035337,"H4W261","Blue",470,"NS",300,"H4W261  :  NS  :  300  (nm)"
"202",133.183756615771,5,360,100,3966.72914123957,"H4W261","Blue",470,"NS",300,"H4W261  :  NS  :  300  (nm)"
"203",154.569762102729,6.5,360,100,4162.68206163243,"H4W261","Blue",470,"NS",300,"H4W261  :  NS  :  300  (nm)"
"204",150.17778887495,6,360,100,4114.98619018948,"H4W261","Blue",470,"NS",300,"H4W261  :  NS  :  300  (nm)"
"205",160.965870094216,7.5,360,100,4229.69884679068,"H4W261","Blue",470,"NS",300,"H4W261  :  NS  :  300  (nm)"
"206",157.821504013519,7,360,100,4160.88949336786,"H4W261","Blue",470,"NS",300,"H4W261  :  NS  :  300  (nm)"
"207",169.149284962216,8.5,360,100,4250.18056064412,"H4W261","Blue",470,"NS",300,"H4W261  :  NS  :  300  (nm)"
"208",167.615730851388,8,360,100,4187.07189403641,"H4W261","Blue",470,"NS",300,"H4W261  :  NS  :  300  (nm)"
"209",173.715009096808,9.5,360,100,4278.12156881694,"H4W261","Blue",470,"NS",300,"H4W261  :  NS  :  300  (nm)"
"210",171.180463807072,9,360,100,4300.45530914606,"H4W261","Blue",470,"NS",300,"H4W261  :  NS  :  300  (nm)"
"211",96.7760766888657,10,360,100,4653.91999816895,"H4W261","Green",525,"",300,"H4W261  :    :  300  (nm)"
"212",48.940138665346,3.5,360,100,5973.11848052978,"H4W261","Green",525,"",300,"H4W261  :    :  300  (nm)"
"213",39.1252042610404,3,360,100,1985.44993613907,"H4W261","Green",525,"",300,"H4W261  :    :  300  (nm)"
"214",59.1663395838685,4.5,360,100,4919.8572548865,"H4W261","Green",525,"",300,"H4W261  :    :  300  (nm)"
"215",56.6135699027314,4,360,100,4731.73174067927,"H4W261","Green",525,"",300,"H4W261  :    :  300  (nm)"
"216",65.418976145261,5.5,360,100,4953.11802431439,"H4W261","Green",525,"",300,"H4W261  :    :  300  (nm)"
"217",65.5166504735162,5,360,100,5369.62793944936,"H4W261","Green",525,"",300,"H4W261  :    :  300  (nm)"
"218",74.3847540914459,6.5,360,100,4910.69208837116,"H4W261","Green",525,"",300,"H4W261  :    :  300  (nm)"
"219",71.3938365462938,6,360,100,4685.72229326646,"H4W261","Green",525,"",300,"H4W261  :    :  300  (nm)"
"220",79.0059839110843,7.5,360,100,4803.37066788157,"H4W261","Green",525,"",300,"H4W261  :    :  300  (nm)"
"221",77.2699645378876,7,360,100,4850.52308916219,"H4W261","Green",525,"",300,"H4W261  :    :  300  (nm)"
"222",87.594372099985,8.5,360,100,5111.39293198221,"H4W261","Green",525,"",300,"H4W261  :    :  300  (nm)"
"223",84.9172385133407,8,360,100,4611.98962858759,"H4W261","Green",525,"",300,"H4W261  :    :  300  (nm)"
"224",93.8566951149393,9.5,360,100,4922.13124080516,"H4W261","Green",525,"",300,"H4W261  :    :  300  (nm)"
"225",91.2611700867768,9,360,100,4677.67172075508,"H4W261","Green",525,"",300,"H4W261  :    :  300  (nm)"
"226",84.2803554258043,10,385,100,4318.2456817627,"C7W260","Green",525,"",200,"C7W260  :    :  200  (nm)"
"227",37.8909830089043,3.5,385,100,2378.08951424729,"C7W260","Green",525,"",200,"C7W260  :    :  200  (nm)"
"228",22.711743772242,3,385,100,34.3455697813306,"C7W260","Green",525,"",200,"C7W260  :    :  200  (nm)"
"229",51.1525479814692,4.5,385,100,3813.40282696833,"C7W260","Green",525,"",200,"C7W260  :    :  200  (nm)"
"230",46.2636699806014,4,385,100,3364.74713974538,"C7W260","Green",525,"",200,"C7W260  :    :  200  (nm)"
"231",55.738789108873,5.5,385,100,4232.88544415882,"C7W260","Green",525,"",200,"C7W260  :    :  200  (nm)"
"232",55.3860680764446,5,385,100,4014.93092133607,"C7W260","Green",525,"",200,"C7W260  :    :  200  (nm)"
"233",65.4687723992928,6.5,385,100,4204.91658579048,"C7W260","Green",525,"",200,"C7W260  :    :  200  (nm)"
"234",62.7676952748312,6,385,100,4149.26568969075,"C7W260","Green",525,"",200,"C7W260  :    :  200  (nm)"
"235",71.1333702268954,7.5,385,100,4262.51260998857,"C7W260","Green",525,"",200,"C7W260  :    :  200  (nm)"
"236",68.6520079202286,7,385,100,4232.13244917414,"C7W260","Green",525,"",200,"C7W260  :    :  200  (nm)"
"237",76.2498452771582,8.5,385,100,4281.84779955377,"C7W260","Green",525,"",200,"C7W260  :    :  200  (nm)"
"238",73.5666611946249,8,385,100,4277.24632234154,"C7W260","Green",525,"",200,"C7W260  :    :  200  (nm)"
"239",81.5579837202011,9.5,385,100,4320.89049577012,"C7W260","Green",525,"",200,"C7W260  :    :  200  (nm)"
"240",79.0806558597977,9,385,100,4310.69273546313,"C7W260","Green",525,"",200,"C7W260  :    :  200  (nm)"
"241",95.7584620735306,10,390,100,4427.17720031738,"E7W260","Green",525,"",-1,"E7W260  :    :  -1  (nm)"
"242",52.0964345441167,3.5,390,100,4210.46590838852,"E7W260","Green",525,"",-1,"E7W260  :    :  -1  (nm)"
"243",41.5684468503407,3,390,100,2590.53659146482,"E7W260","Green",525,"",-1,"E7W260  :    :  -1  (nm)"
"244",64.454531633727,4.5,390,100,4454.74950129813,"E7W260","Green",525,"",-1,"E7W260  :    :  -1  (nm)"
"245",56.8425840187374,4,390,100,4336.02689695263,"E7W260","Green",525,"",-1,"E7W260  :    :  -1  (nm)"
"246",68.5826366276512,5.5,390,100,4436.92491536502,"E7W260","Green",525,"",-1,"E7W260  :    :  -1  (nm)"
"247",63.3754140711265,5,390,100,4655.32676491721,"E7W260","Green",525,"",-1,"E7W260  :    :  -1  (nm)"
"248",74.6371922518911,6.5,390,100,4387.94258942941,"E7W260","Green",525,"",-1,"E7W260  :    :  -1  (nm)"
"249",70.7158786012756,6,390,100,4379.9147604801,"E7W260","Green",525,"",-1,"E7W260  :    :  -1  (nm)"
"250",81.5782605740695,7.5,390,100,4611.45272429421,"E7W260","Green",525,"",-1,"E7W260  :    :  -1  (nm)"
"251",80.3512937735349,7,390,100,4404.0156296782,"E7W260","Green",525,"",-1,"E7W260  :    :  -1  (nm)"
"252",87.8170048905343,8.5,390,100,4365.12894824148,"E7W260","Green",525,"",-1,"E7W260  :    :  -1  (nm)"
"253",85.6440405893482,8,390,100,4584.01890779295,"E7W260","Green",525,"",-1,"E7W260  :    :  -1  (nm)"
"254",94.5713266022726,9.5,390,100,4397.21709064275,"E7W260","Green",525,"",-1,"E7W260  :    :  -1  (nm)"
"255",91.0846972317348,9,390,100,4410.77348369043,"E7W260","Green",525,"",-1,"E7W260  :    :  -1  (nm)"
"256",109.957810546785,10,300,100,4324.33911132812,"H9W261","Green",525,"",50,"H9W261  :    :  50  (nm)"
"257",57.1259889023184,3.5,300,100,3893.7582365782,"H9W261","Green",525,"",50,"H9W261  :    :  50  (nm)"
"258",39.6306484946657,3,300,100,1129.70261146209,"H9W261","Green",525,"",50,"H9W261  :    :  50  (nm)"
"259",72.8133425134077,4.5,300,100,4126.46567860148,"H9W261","Green",525,"",50,"H9W261  :    :  50  (nm)"
"260",62.5852362875645,4,300,100,4239.40854924331,"H9W261","Green",525,"",50,"H9W261  :    :  50  (nm)"
"261",83.0467322295531,5.5,300,100,4322.87485200605,"H9W261","Green",525,"",50,"H9W261  :    :  50  (nm)"
"262",76.5370826798118,5,300,100,4237.01739668818,"H9W261","Green",525,"",50,"H9W261  :    :  50  (nm)"
"263",88.0067667165756,6.5,300,100,4315.35540011863,"H9W261","Green",525,"",50,"H9W261  :    :  50  (nm)"
"264",85.4863820519426,6,300,100,4218.51172896462,"H9W261","Green",525,"",50,"H9W261  :    :  50  (nm)"
"265",95.6213287644274,7.5,300,100,4525.57772734018,"H9W261","Green",525,"",50,"H9W261  :    :  50  (nm)"
"266",93.2616133502579,7,300,100,4278.21183887048,"H9W261","Green",525,"",50,"H9W261  :    :  50  (nm)"
"267",101.444435417416,8.5,300,100,4356.51672022217,"H9W261","Green",525,"",50,"H9W261  :    :  50  (nm)"
"268",98.2605244836389,8,300,100,4323.28499701828,"H9W261","Green",525,"",50,"H9W261  :    :  50  (nm)"
"269",107.059276137261,9.5,300,100,4322.11768776893,"H9W261","Green",525,"",50,"H9W261  :    :  50  (nm)"
"270",104.339533439161,9,300,100,4369.0726396898,"H9W261","Green",525,"",50,"H9W261  :    :  50  (nm)"
"271",184.915700787776,10,400,100,4247.82470703125,"H5W261","Green",525,"NS",120,"H5W261  :  NS  :  120  (nm)"
"272",123.327002085835,3.5,400,100,3277.96200528089,"H5W261","Green",525,"NS",120,"H5W261  :  NS  :  120  (nm)"
"273",88.0594878032744,3,400,100,3079.60002319718,"H5W261","Green",525,"NS",120,"H5W261  :  NS  :  120  (nm)"
"274",192.207115572533,4.5,400,100,3401.15615386967,"H5W261","Green",525,"NS",120,"H5W261  :  NS  :  120  (nm)"
"275",159.004436529989,4,400,100,3237.51031714659,"H5W261","Green",525,"NS",120,"H5W261  :  NS  :  120  (nm)"
"276",250.348587197103,5.5,400,100,3631.32224371017,"H5W261","Green",525,"NS",120,"H5W261  :  NS  :  120  (nm)"
"277",222.979777857399,5,400,100,3636.794552464,"H5W261","Green",525,"NS",120,"H5W261  :  NS  :  120  (nm)"
"278",269.059078221151,6.5,400,100,3756.31474074278,"H5W261","Green",525,"NS",120,"H5W261  :  NS  :  120  (nm)"
"279",262.778004342213,6,400,100,3655.89121878574,"H5W261","Green",525,"NS",120,"H5W261  :  NS  :  120  (nm)"
"280",204.626924330048,7.5,400,100,4091.47439554447,"H5W261","Green",525,"NS",120,"H5W261  :  NS  :  120  (nm)"
"281",228.127468349758,7,400,100,4001.48888487701,"H5W261","Green",525,"NS",120,"H5W261  :  NS  :  120  (nm)"
"282",190.934123085813,8.5,400,100,4194.6859998491,"H5W261","Green",525,"NS",120,"H5W261  :  NS  :  120  (nm)"
"283",197.553423893217,8,400,100,4032.35408532333,"H5W261","Green",525,"NS",120,"H5W261  :  NS  :  120  (nm)"
"284",189.376032083038,9.5,400,100,4134.63839026277,"H5W261","Green",525,"NS",120,"H5W261  :  NS  :  120  (nm)"
"285",191.040679420866,9,400,100,4171.84703757933,"H5W261","Green",525,"NS",120,"H5W261  :  NS  :  120  (nm)"
"286",187.632635716562,10,340,100,4468.02736663818,"H6W261","Green",525,"NS",200,"H6W261  :  NS  :  200  (nm)"
"287",114.094152686603,3.5,340,100,3292.33519750093,"H6W261","Green",525,"NS",200,"H6W261  :  NS  :  200  (nm)"
"288",89.5747078664258,3,340,100,3133.10010401763,"H6W261","Green",525,"NS",200,"H6W261  :  NS  :  200  (nm)"
"289",163.468560354218,4.5,340,100,3668.56010837575,"H6W261","Green",525,"NS",200,"H6W261  :  NS  :  200  (nm)"
"290",137.959903780666,4,340,100,3409.88204109213,"H6W261","Green",525,"NS",200,"H6W261  :  NS  :  200  (nm)"
"291",196.588377223218,5.5,340,100,3695.19599129112,"H6W261","Green",525,"NS",200,"H6W261  :  NS  :  200  (nm)"
"292",182.283623319865,5,340,100,3970.57646788786,"H6W261","Green",525,"NS",200,"H6W261  :  NS  :  200  (nm)"
"293",210.358022537259,6.5,340,100,4089.00787463468,"H6W261","Green",525,"NS",200,"H6W261  :  NS  :  200  (nm)"
"294",211.251131939438,6,340,100,3713.60006333899,"H6W261","Green",525,"NS",200,"H6W261  :  NS  :  200  (nm)"
"295",200.488295342404,7.5,340,100,4058.91946716321,"H6W261","Green",525,"NS",200,"H6W261  :  NS  :  200  (nm)"
"296",208.038877253061,7,340,100,4097.78777107137,"H6W261","Green",525,"NS",200,"H6W261  :  NS  :  200  (nm)"
"297",191.358615512927,8.5,340,100,4372.39925725512,"H6W261","Green",525,"NS",200,"H6W261  :  NS  :  200  (nm)"
"298",195.627806405647,8,340,100,4312.76779441692,"H6W261","Green",525,"NS",200,"H6W261  :  NS  :  200  (nm)"
"299",189.249498433705,9.5,340,100,4258.357492004,"H6W261","Green",525,"NS",200,"H6W261  :  NS  :  200  (nm)"
"300",192.701339114017,9,340,100,4175.20113631724,"H6W261","Green",525,"NS",200,"H6W261  :  NS  :  200  (nm)"
"301",80.6050919311758,10,360,100,7331.93828582764,"H4W261","Green",525,"NS",300,"H4W261  :  NS  :  300  (nm)"
"302",126.874322004284,3.5,360,100,3344.01138103158,"H4W261","Green",525,"NS",300,"H4W261  :  NS  :  300  (nm)"
"303",91.5569396142902,3,360,100,3198.18304636265,"H4W261","Green",525,"NS",300,"H4W261  :  NS  :  300  (nm)"
"304",190.834038146198,4.5,360,100,3581.64476048097,"H4W261","Green",525,"NS",300,"H4W261  :  NS  :  300  (nm)"
"305",157.532375264768,4,360,100,3485.27763871147,"H4W261","Green",525,"NS",300,"H4W261  :  NS  :  300  (nm)"
"306",246.122186224597,5.5,360,100,3776.38116508033,"H4W261","Green",525,"NS",300,"H4W261  :  NS  :  300  (nm)"
"307",221.528972512539,5,360,100,3658.52853275521,"H4W261","Green",525,"NS",300,"H4W261  :  NS  :  300  (nm)"
"308",266.324165636588,6.5,360,100,3823.16885286051,"H4W261","Green",525,"NS",300,"H4W261  :  NS  :  300  (nm)"
"309",261.831591139424,6,360,100,3793.78508218546,"H4W261","Green",525,"NS",300,"H4W261  :  NS  :  300  (nm)"
"310",191.178031975126,7.5,360,100,4380.20761639611,"H4W261","Green",525,"NS",300,"H4W261  :  NS  :  300  (nm)"
"311",228.956961152541,7,360,100,3968.75471345447,"H4W261","Green",525,"NS",300,"H4W261  :  NS  :  300  (nm)"
"312",135.447116786641,8.5,360,100,5172.68772841399,"H4W261","Green",525,"NS",300,"H4W261  :  NS  :  300  (nm)"
"313",161.208125521379,8,360,100,4310.37782990976,"H4W261","Green",525,"NS",300,"H4W261  :  NS  :  300  (nm)"
"314",88.7540108403536,9.5,360,100,7703.72666431013,"H4W261","Green",525,"NS",300,"H4W261  :  NS  :  300  (nm)"
"315",111.751863991193,9,360,100,6432.09561105092,"H4W261","Green",525,"NS",300,"H4W261  :  NS  :  300  (nm)"
"316",47.9908618276345,10,360,100,2078.07243347168,"H4W261","Yellow",595,"",300,"H4W261  :    :  300  (nm)"
"317",22.3369245837414,3.5,360,100,137.067043580755,"H4W261","Yellow",595,"",300,"H4W261  :    :  300  (nm)"
"318",15.906976744186,3,360,100,22.9942715694937,"H4W261","Yellow",595,"",300,"H4W261  :    :  300  (nm)"
"319",32.1034292797135,4.5,360,100,440.161447514098,"H4W261","Yellow",595,"",300,"H4W261  :    :  300  (nm)"
"320",26.7356656948494,4,360,100,343.8188994626,"H4W261","Yellow",595,"",300,"H4W261  :    :  300  (nm)"
"321",40.5265986447543,5.5,360,100,632.773582113074,"H4W261","Yellow",595,"",300,"H4W261  :    :  300  (nm)"
"322",36.6859316967117,5,360,100,508.702453181423,"H4W261","Yellow",595,"",300,"H4W261  :    :  300  (nm)"
"323",42.8963678438475,6.5,360,100,1078.52761974803,"H4W261","Yellow",595,"",300,"H4W261  :    :  300  (nm)"
"324",43.1585470609891,6,360,100,817.67979341053,"H4W261","Yellow",595,"",300,"H4W261  :    :  300  (nm)"
"325",42.4517002037697,7.5,360,100,1985.85320983847,"H4W261","Yellow",595,"",300,"H4W261  :    :  300  (nm)"
"326",42.6461622438697,7,360,100,1304.9777772011,"H4W261","Yellow",595,"",300,"H4W261  :    :  300  (nm)"
"327",46.9317290014543,8.5,360,100,1824.87633128696,"H4W261","Yellow",595,"",300,"H4W261  :    :  300  (nm)"
"328",44.2238106752101,8,360,100,2082.32916808382,"H4W261","Yellow",595,"",300,"H4W261  :    :  300  (nm)"
"329",47.1406411582213,9.5,360,100,1992.55785814127,"H4W261","Yellow",595,"",300,"H4W261  :    :  300  (nm)"
"330",46.9546407427031,9,360,100,2406.01916991779,"H4W261","Yellow",595,"",300,"H4W261  :    :  300  (nm)"
"331",48.0557257476295,10,385,100,1725.06785583496,"C7W260","Yellow",595,"",200,"C7W260  :    :  200  (nm)"
"332",20.8808510638298,3.5,385,100,22.3986340863339,"C7W260","Yellow",595,"",200,"C7W260  :    :  200  (nm)"
"333",54.4705882352941,3,385,100,6.75171165205781,"C7W260","Yellow",595,"",200,"C7W260  :    :  200  (nm)"
"334",33.2970474202207,4.5,385,100,186.07283354132,"C7W260","Yellow",595,"",200,"C7W260  :    :  200  (nm)"
"335",29.5621064682313,4,385,100,97.6972981888457,"C7W260","Yellow",595,"",200,"C7W260  :    :  200  (nm)"
"336",36.6654388549779,5.5,385,100,505.187606234166,"C7W260","Yellow",595,"",200,"C7W260  :    :  200  (nm)"
"337",35.0639534883721,5,385,100,310.618599295819,"C7W260","Yellow",595,"",200,"C7W260  :    :  200  (nm)"
"338",42.1115249623952,6.5,385,100,742.517350423049,"C7W260","Yellow",595,"",200,"C7W260  :    :  200  (nm)"
"339",39.1955786521488,6,385,100,591.208970102979,"C7W260","Yellow",595,"",200,"C7W260  :    :  200  (nm)"
"340",43.1805743569909,7.5,385,100,1040.98520700258,"C7W260","Yellow",595,"",200,"C7W260  :    :  200  (nm)"
"341",42.4413493920886,7,385,100,892.814512224592,"C7W260","Yellow",595,"",200,"C7W260  :    :  200  (nm)"
"342",45.0540550678971,8.5,385,100,1361.8249241152,"C7W260","Yellow",595,"",200,"C7W260  :    :  200  (nm)"
"343",44.2768877780964,8,385,100,1274.10243382439,"C7W260","Yellow",595,"",200,"C7W260  :    :  200  (nm)"
"344",47.357504589479,9.5,385,100,1603.6682874726,"C7W260","Yellow",595,"",200,"C7W260  :    :  200  (nm)"
"345",46.3869735755574,9,385,100,1509.45136769922,"C7W260","Yellow",595,"",200,"C7W260  :    :  200  (nm)"
"346",57.3925739957717,10,390,100,2361.85539627075,"E7W260","Yellow",595,"",-1,"E7W260  :    :  -1  (nm)"
"347",49.7159369527145,3.5,390,100,174.09239741401,"E7W260","Yellow",595,"",-1,"E7W260  :    :  -1  (nm)"
"348",93.8623529411765,3,390,100,99.941505608363,"E7W260","Yellow",595,"",-1,"E7W260  :    :  -1  (nm)"
"349",42.6706129760885,4.5,390,100,766.75552547742,"E7W260","Yellow",595,"",-1,"E7W260  :    :  -1  (nm)"
"350",42.5307167235495,4,390,100,373.220407019664,"E7W260","Yellow",595,"",-1,"E7W260  :    :  -1  (nm)"
"351",47.4220901971375,5.5,390,100,1002.41529697496,"E7W260","Yellow",595,"",-1,"E7W260  :    :  -1  (nm)"
"352",43.7858967807869,5,390,100,760.651821928591,"E7W260","Yellow",595,"",-1,"E7W260  :    :  -1  (nm)"
"353",49.8534984856721,6.5,390,100,1348.47227602352,"E7W260","Yellow",595,"",-1,"E7W260  :    :  -1  (nm)"
"354",47.854394175767,6,390,100,1405.91067404227,"E7W260","Yellow",595,"",-1,"E7W260  :    :  -1  (nm)"
"355",51.6169351340409,7.5,390,100,1886.14773542533,"E7W260","Yellow",595,"",-1,"E7W260  :    :  -1  (nm)"
"356",48.5804527712724,7,390,100,1583.9447329478,"E7W260","Yellow",595,"",-1,"E7W260  :    :  -1  (nm)"
"357",52.4815469930204,8.5,390,100,2253.94636334368,"E7W260","Yellow",595,"",-1,"E7W260  :    :  -1  (nm)"
"358",51.9003631233836,8,390,100,1946.00004758141,"E7W260","Yellow",595,"",-1,"E7W260  :    :  -1  (nm)"
"359",56.1002368866328,9.5,390,100,2321.64359092721,"E7W260","Yellow",595,"",-1,"E7W260  :    :  -1  (nm)"
"360",55.8158535421043,9,390,100,2150.89841011732,"E7W260","Yellow",595,"",-1,"E7W260  :    :  -1  (nm)"
"361",65.7280087827638,10,300,100,2178.53805541992,"H9W261","Yellow",595,"",50,"H9W261  :    :  50  (nm)"
"362",39.5037878787879,3.5,300,100,131.451512409316,"H9W261","Yellow",595,"",50,"H9W261  :    :  50  (nm)"
"363",80.4581005586592,3,300,100,29.277623084092,"H9W261","Yellow",595,"",50,"H9W261  :    :  50  (nm)"
"364",46.5594626168224,4.5,300,100,292.003347926375,"H9W261","Yellow",595,"",50,"H9W261  :    :  50  (nm)"
"365",43.4467756183746,4,300,100,216.109127051063,"H9W261","Yellow",595,"",50,"H9W261  :    :  50  (nm)"
"366",54.1776591138692,5.5,300,100,757.986831873182,"H9W261","Yellow",595,"",50,"H9W261  :    :  50  (nm)"
"367",48.8713568592193,5,300,100,648.043760274566,"H9W261","Yellow",595,"",50,"H9W261  :    :  50  (nm)"
"368",57.0134709347459,6.5,300,100,1182.57107743027,"H9W261","Yellow",595,"",50,"H9W261  :    :  50  (nm)"
"369",53.8059820142098,6,300,100,1214.01001466957,"H9W261","Yellow",595,"",50,"H9W261  :    :  50  (nm)"
"370",58.2331520843632,7.5,300,100,1496.61767198565,"H9W261","Yellow",595,"",50,"H9W261  :    :  50  (nm)"
"371",56.4347073978653,7,300,100,1160.52831958327,"H9W261","Yellow",595,"",50,"H9W261  :    :  50  (nm)"
"372",62.2593376973431,8.5,300,100,1727.90957551636,"H9W261","Yellow",595,"",50,"H9W261  :    :  50  (nm)"
"373",60.6094850055424,8,300,100,1693.55021650233,"H9W261","Yellow",595,"",50,"H9W261  :    :  50  (nm)"
"374",62.5366993813666,9.5,300,100,2317.57670126003,"H9W261","Yellow",595,"",50,"H9W261  :    :  50  (nm)"
"375",62.2070429139008,9,300,100,2126.29547038403,"H9W261","Yellow",595,"",50,"H9W261  :    :  50  (nm)"
"376",130.913482257907,10,400,100,4648.44394683838,"H5W261","Yellow",595,"NS",120,"H5W261  :  NS  :  120  (nm)"
"377",57.7550307746277,3.5,400,100,3012.30405129232,"H5W261","Yellow",595,"NS",120,"H5W261  :  NS  :  120  (nm)"
"378",53.1579316223127,3,400,100,2710.8241907197,"H5W261","Yellow",595,"NS",120,"H5W261  :  NS  :  120  (nm)"
"379",67.5894104403727,4.5,400,100,3669.87536587561,"H5W261","Yellow",595,"NS",120,"H5W261  :  NS  :  120  (nm)"
"380",66.4997393757282,4,400,100,3276.84266066621,"H5W261","Yellow",595,"NS",120,"H5W261  :  NS  :  120  (nm)"
"381",80.3606626421452,5.5,400,100,3905.23736923725,"H5W261","Yellow",595,"NS",120,"H5W261  :  NS  :  120  (nm)"
"382",74.3481612586037,5,400,100,4020.92953917955,"H5W261","Yellow",595,"NS",120,"H5W261  :  NS  :  120  (nm)"
"383",90.8717052050623,6.5,400,100,4192.83073984058,"H5W261","Yellow",595,"NS",120,"H5W261  :  NS  :  120  (nm)"
"384",84.4929948204127,6,400,100,4256.63977590702,"H5W261","Yellow",595,"NS",120,"H5W261  :  NS  :  120  (nm)"
"385",103.624190114772,7.5,400,100,4473.57832649188,"H5W261","Yellow",595,"NS",120,"H5W261  :  NS  :  120  (nm)"
"386",95.6761643835616,7,400,100,4374.09573474565,"H5W261","Yellow",595,"NS",120,"H5W261  :  NS  :  120  (nm)"
"387",113.249919265932,8.5,400,100,4553.31360263011,"H5W261","Yellow",595,"NS",120,"H5W261  :  NS  :  120  (nm)"
"388",108.212267401792,8,400,100,4680.87816870423,"H5W261","Yellow",595,"NS",120,"H5W261  :  NS  :  120  (nm)"
"389",123.844897910074,9.5,400,100,3498.4021031917,"H5W261","Yellow",595,"NS",120,"H5W261  :  NS  :  120  (nm)"
"390",118.555129522908,9,400,100,4631.61115913792,"H5W261","Yellow",595,"NS",120,"H5W261  :  NS  :  120  (nm)"
"391",123.363643029992,10,340,100,2786.77958297729,"H6W261","Yellow",595,"NS",200,"H6W261  :  NS  :  200  (nm)"
"392",64.7338534742145,3.5,340,100,1517.68299823681,"H6W261","Yellow",595,"NS",200,"H6W261  :  NS  :  200  (nm)"
"393",55.8774645899016,3,340,100,1215.77907501793,"H6W261","Yellow",595,"NS",200,"H6W261  :  NS  :  200  (nm)"
"394",74.38786954724,4.5,340,100,1994.96924548926,"H6W261","Yellow",595,"NS",200,"H6W261  :  NS  :  200  (nm)"
"395",70.5469569549037,4,340,100,1689.23002046441,"H6W261","Yellow",595,"NS",200,"H6W261  :  NS  :  200  (nm)"
"396",84.0236159504452,5.5,340,100,2182.59086843495,"H6W261","Yellow",595,"NS",200,"H6W261  :  NS  :  200  (nm)"
"397",81.7264058618353,5,340,100,2194.14915388273,"H6W261","Yellow",595,"NS",200,"H6W261  :  NS  :  200  (nm)"
"398",91.054319507051,6.5,340,100,2352.95177678901,"H6W261","Yellow",595,"NS",200,"H6W261  :  NS  :  200  (nm)"
"399",85.9875050727269,6,340,100,2389.18713560443,"H6W261","Yellow",595,"NS",200,"H6W261  :  NS  :  200  (nm)"
"400",101.03720747296,7.5,340,100,2621.6002792113,"H6W261","Yellow",595,"NS",200,"H6W261  :  NS  :  200  (nm)"
"401",96.9226590739282,7,340,100,2390.54437370354,"H6W261","Yellow",595,"NS",200,"H6W261  :  NS  :  200  (nm)"
"402",111.232389336113,8.5,340,100,2636.06969937205,"H6W261","Yellow",595,"NS",200,"H6W261  :  NS  :  200  (nm)"
"403",106.422857254626,8,340,100,2619.56573499622,"H6W261","Yellow",595,"NS",200,"H6W261  :  NS  :  200  (nm)"
"404",118.216617046064,9.5,340,100,2703.97617257258,"H6W261","Yellow",595,"NS",200,"H6W261  :  NS  :  200  (nm)"
"405",113.065464224555,9,340,100,2808.31126208529,"H6W261","Yellow",595,"NS",200,"H6W261  :  NS  :  200  (nm)"
"406",126.60428054425,10,360,100,4624.02643585205,"H4W261","Yellow",595,"NS",300,"H4W261  :  NS  :  300  (nm)"
"407",56.1594936361641,3.5,360,100,3472.82046513831,"H4W261","Yellow",595,"NS",300,"H4W261  :  NS  :  300  (nm)"
"408",51.289536087639,3,360,100,2875.10183300107,"H4W261","Yellow",595,"NS",300,"H4W261  :  NS  :  300  (nm)"
"409",65.5957812268301,4.5,360,100,3917.99625225417,"H4W261","Yellow",595,"NS",300,"H4W261  :  NS  :  300  (nm)"
"410",61.0547040338613,4,360,100,3855.73920821429,"H4W261","Yellow",595,"NS",300,"H4W261  :  NS  :  300  (nm)"
"411",76.630328284915,5.5,360,100,4221.5696501526,"H4W261","Yellow",595,"NS",300,"H4W261  :  NS  :  300  (nm)"
"412",72.1596064002324,5,360,100,4245.25772394114,"H4W261","Yellow",595,"NS",300,"H4W261  :  NS  :  300  (nm)"
"413",87.2920647498302,6.5,360,100,4367.84927989526,"H4W261","Yellow",595,"NS",300,"H4W261  :  NS  :  300  (nm)"
"414",81.8922526378773,6,360,100,4327.85218400818,"H4W261","Yellow",595,"NS",300,"H4W261  :  NS  :  300  (nm)"
"415",96.7856038836642,7.5,360,100,4497.85985346257,"H4W261","Yellow",595,"NS",300,"H4W261  :  NS  :  300  (nm)"
"416",92.1773011855601,7,360,100,4709.45991107913,"H4W261","Yellow",595,"NS",300,"H4W261  :  NS  :  300  (nm)"
"417",108.57643605325,8.5,360,100,4664.12517635329,"H4W261","Yellow",595,"NS",300,"H4W261  :  NS  :  300  (nm)"
"418",105.018069087688,8,360,100,4499.74284195934,"H4W261","Yellow",595,"NS",300,"H4W261  :  NS  :  300  (nm)"
"419",120.310719350264,9.5,360,100,4621.51449345177,"H4W261","Yellow",595,"NS",300,"H4W261  :  NS  :  300  (nm)"
"420",114.883219512195,9,360,100,4619.62876608752,"H4W261","Yellow",595,"NS",300,"H4W261  :  NS  :  300  (nm)"
"421",71.3393196578489,10,360,100,5836.22814559937,"H4W261","UV",405,"",300,"H4W261  :    :  300  (nm)"
"422",31.6217501114248,3.5,360,100,992.117764389594,"H4W261","UV",405,"",300,"H4W261  :    :  300  (nm)"
"423",31.5,3,360,100,2.29644422089336,"H4W261","UV",405,"",300,"H4W261  :    :  300  (nm)"
"424",47.2093743677928,4.5,360,100,3944.9107404641,"H4W261","UV",405,"",300,"H4W261  :    :  300  (nm)"
"425",43.2687400950872,4,360,100,2239.10718900822,"H4W261","UV",405,"",300,"H4W261  :    :  300  (nm)"
"426",51.8849163027656,5.5,360,100,4262.25651380003,"H4W261","UV",405,"",300,"H4W261  :    :  300  (nm)"
"427",52.0983060391347,5,360,100,3624.49758387854,"H4W261","UV",405,"",300,"H4W261  :    :  300  (nm)"
"428",57.3854427666365,6.5,360,100,5391.13982676999,"H4W261","UV",405,"",300,"H4W261  :    :  300  (nm)"
"429",56.5527356893774,6,360,100,4329.50370624509,"H4W261","UV",405,"",300,"H4W261  :    :  300  (nm)"
"430",63.9327940389445,7.5,360,100,5616.70486355535,"H4W261","UV",405,"",300,"H4W261  :    :  300  (nm)"
"431",58.5692779110045,7,360,100,4842.31074276898,"H4W261","UV",405,"",300,"H4W261  :    :  300  (nm)"
"432",66.7111896539502,8.5,360,100,4776.46109449528,"H4W261","UV",405,"",300,"H4W261  :    :  300  (nm)"
"433",64.5012736442594,8,360,100,5773.96464817256,"H4W261","UV",405,"",300,"H4W261  :    :  300  (nm)"
"434",70.4598590356856,9.5,360,100,4217.59700577669,"H4W261","UV",405,"",300,"H4W261  :    :  300  (nm)"
"435",67.4318260235215,9,360,100,4924.15343779946,"H4W261","UV",405,"",300,"H4W261  :    :  300  (nm)"
"436",48.1131318136769,10,385,100,3053.4055519104,"C7W260","UV",405,"",200,"C7W260  :    :  200  (nm)"
"437",62.1428571428571,3.5,385,100,9.32172471151716,"C7W260","UV",405,"",200,"C7W260  :    :  200  (nm)"
"438",42.6285714285714,3,385,100,9.2956263002867,"C7W260","UV",405,"",200,"C7W260  :    :  200  (nm)"
"439",42.3548387096774,4.5,385,100,7.73511752248058,"C7W260","UV",405,"",200,"C7W260  :    :  200  (nm)"
"440",40.4722222222222,4,385,100,8.33146807693009,"C7W260","UV",405,"",200,"C7W260  :    :  200  (nm)"
"441",28.039966847776,5.5,385,100,500.344513571678,"C7W260","UV",405,"",200,"C7W260  :    :  200  (nm)"
"442",19.6424870466321,5,385,100,59.2307593240997,"C7W260","UV",405,"",200,"C7W260  :    :  200  (nm)"
"443",38.8990405117271,6.5,385,100,1408.07798238899,"C7W260","UV",405,"",200,"C7W260  :    :  200  (nm)"
"444",35.1214729119639,6,385,100,1122.7015744743,"C7W260","UV",405,"",200,"C7W260  :    :  200  (nm)"
"445",42.4687998007968,7.5,385,100,2066.72026958766,"C7W260","UV",405,"",200,"C7W260  :    :  200  (nm)"
"446",40.7253739115341,7,385,100,1703.17842430166,"C7W260","UV",405,"",200,"C7W260  :    :  200  (nm)"
"447",45.3365105428623,8.5,385,100,2483.51981578526,"C7W260","UV",405,"",200,"C7W260  :    :  200  (nm)"
"448",44.1054998117261,8,385,100,2281.08411315883,"C7W260","UV",405,"",200,"C7W260  :    :  200  (nm)"
"449",47.0402731506194,9.5,385,100,2916.07400147269,"C7W260","UV",405,"",200,"C7W260  :    :  200  (nm)"
"450",46.4266417910448,9,385,100,2731.75719275284,"C7W260","UV",405,"",200,"C7W260  :    :  200  (nm)"
"451",65.1055914594241,10,390,100,4827.356590271,"E7W260","UV",405,"",-1,"E7W260  :    :  -1  (nm)"
"452",133.260162601626,3.5,390,100,71.882454598599,"E7W260","UV",405,"",-1,"E7W260  :    :  -1  (nm)"
"453",133.260162601626,3,390,100,71.8733842515079,"E7W260","UV",405,"",-1,"E7W260  :    :  -1  (nm)"
"454",43.4906719717065,4.5,390,100,2190.08378576924,"E7W260","UV",405,"",-1,"E7W260  :    :  -1  (nm)"
"455",36.5434020557305,4,390,100,1032.50533692128,"E7W260","UV",405,"",-1,"E7W260  :    :  -1  (nm)"
"456",52.0873324980935,5.5,390,100,3566.55521870677,"E7W260","UV",405,"",-1,"E7W260  :    :  -1  (nm)"
"457",50.2423815132463,5,390,100,3223.52347670597,"E7W260","UV",405,"",-1,"E7W260  :    :  -1  (nm)"
"458",53.4824258531113,6.5,390,100,4571.08443932243,"E7W260","UV",405,"",-1,"E7W260  :    :  -1  (nm)"
"459",56.3670766074049,6,390,100,3583.35316674126,"E7W260","UV",405,"",-1,"E7W260  :    :  -1  (nm)"
"460",59.8667421668554,7.5,390,100,4614.89558478006,"E7W260","UV",405,"",-1,"E7W260  :    :  -1  (nm)"
"461",59.2412561968436,7,390,100,5217.49282816998,"E7W260","UV",405,"",-1,"E7W260  :    :  -1  (nm)"
"462",61.254402121114,8.5,390,100,5139.61661814275,"E7W260","UV",405,"",-1,"E7W260  :    :  -1  (nm)"
"463",62.5811208441844,8,390,100,4345.53603289913,"E7W260","UV",405,"",-1,"E7W260  :    :  -1  (nm)"
"464",64.357137050886,9.5,390,100,5958.61771495062,"E7W260","UV",405,"",-1,"E7W260  :    :  -1  (nm)"
"465",65.7902732310589,9,390,100,4601.85301326316,"E7W260","UV",405,"",-1,"E7W260  :    :  -1  (nm)"
"466",89.9135743950885,10,300,100,4528.57109832764,"H9W261","UV",405,"",50,"H9W261  :    :  50  (nm)"
"467",30.5316707128669,3.5,300,100,504.529854910084,"H9W261","UV",405,"",50,"H9W261  :    :  50  (nm)"
"468",154.448979591837,3,300,100,8.69087129565222,"H9W261","UV",405,"",50,"H9W261  :    :  50  (nm)"
"469",55.1153885834721,4.5,300,100,4588.19791734862,"H9W261","UV",405,"",50,"H9W261  :    :  50  (nm)"
"470",48.88074057844,4,300,100,2360.90793265899,"H9W261","UV",405,"",50,"H9W261  :    :  50  (nm)"
"471",67.1093246373892,5.5,300,100,3918.86205846392,"H9W261","UV",405,"",50,"H9W261  :    :  50  (nm)"
"472",58.6836226315092,5,300,100,4419.51682064449,"H9W261","UV",405,"",50,"H9W261  :    :  50  (nm)"
"473",71.60895371669,6.5,300,100,4593.75466826786,"H9W261","UV",405,"",50,"H9W261  :    :  50  (nm)"
"474",69.9807633730875,6,300,100,4532.52602530416,"H9W261","UV",405,"",50,"H9W261  :    :  50  (nm)"
"475",79.4479948696969,7.5,300,100,4857.45957093434,"H9W261","UV",405,"",50,"H9W261  :    :  50  (nm)"
"476",76.1581396898743,7,300,100,4544.85059444346,"H9W261","UV",405,"",50,"H9W261  :    :  50  (nm)"
"477",83.0060645511256,8.5,300,100,4674.31097383613,"H9W261","UV",405,"",50,"H9W261  :    :  50  (nm)"
"478",80.8725603632712,8,300,100,4886.94672643847,"H9W261","UV",405,"",50,"H9W261  :    :  50  (nm)"
"479",87.7458668179046,9.5,300,100,4726.5601157126,"H9W261","UV",405,"",50,"H9W261  :    :  50  (nm)"
"480",84.5586415465339,9,300,100,4763.64320671104,"H9W261","UV",405,"",50,"H9W261  :    :  50  (nm)"
"481",265.779036186937,10,400,100,4477.35020446777,"H5W261","UV",405,"NS",120,"H5W261  :  NS  :  120  (nm)"
"482",67.5728515031886,3.5,400,100,3358.67993612328,"H5W261","UV",405,"NS",120,"H5W261  :  NS  :  120  (nm)"
"483",46.0072743899904,3,400,100,2246.49865470874,"H5W261","UV",405,"NS",120,"H5W261  :  NS  :  120  (nm)"
"484",106.315015416519,4.5,400,100,3688.43213748675,"H5W261","UV",405,"NS",120,"H5W261  :  NS  :  120  (nm)"
"485",84.0472919086063,4,400,100,3595.86746870449,"H5W261","UV",405,"NS",120,"H5W261  :  NS  :  120  (nm)"
"486",147.399834372816,5.5,400,100,3846.70230267996,"H5W261","UV",405,"NS",120,"H5W261  :  NS  :  120  (nm)"
"487",126.79958669475,5,400,100,3895.13601818524,"H5W261","UV",405,"NS",120,"H5W261  :  NS  :  120  (nm)"
"488",181.832041815922,6.5,400,100,4192.81392504886,"H5W261","UV",405,"NS",120,"H5W261  :  NS  :  120  (nm)"
"489",166.671113806347,6,400,100,3957.04220736299,"H5W261","UV",405,"NS",120,"H5W261  :  NS  :  120  (nm)"
"490",220.172602440622,7.5,400,100,4190.83822258417,"H5W261","UV",405,"NS",120,"H5W261  :  NS  :  120  (nm)"
"491",203.215716127448,7,400,100,4380.12094466824,"H5W261","UV",405,"NS",120,"H5W261  :  NS  :  120  (nm)"
"492",248.986263203799,8.5,400,100,4286.88552498044,"H5W261","UV",405,"NS",120,"H5W261  :  NS  :  120  (nm)"
"493",235.009439047471,8,400,100,4179.6829011641,"H5W261","UV",405,"NS",120,"H5W261  :  NS  :  120  (nm)"
"494",261.299704279395,9.5,400,100,4286.3267682703,"H5W261","UV",405,"NS",120,"H5W261  :  NS  :  120  (nm)"
"495",256.41115657193,9,400,100,4261.73569741586,"H5W261","UV",405,"NS",120,"H5W261  :  NS  :  120  (nm)"
"496",142.398940077658,9,340,1000,3837.8023109436,"H6W261","UV",405,"NS",200,"H6W261  :  NS  :  200  (nm)"
"497",149.781361335083,10,340,100,3992.31351623976,"H6W261","UV",405,"NS",200,"H6W261  :  NS  :  200  (nm)"
"498",57.1785645605863,3.5,340,100,2610.72793829635,"H6W261","UV",405,"NS",200,"H6W261  :  NS  :  200  (nm)"
"499",38.8948592695976,3,340,100,271.330876785161,"H6W261","UV",405,"NS",200,"H6W261  :  NS  :  200  (nm)"
"500",73.2532403798967,4.5,340,100,3640.95981470275,"H6W261","UV",405,"NS",200,"H6W261  :  NS  :  200  (nm)"
"501",63.9350399161606,4,340,100,3054.71201316798,"H6W261","UV",405,"NS",200,"H6W261  :  NS  :  200  (nm)"
"502",93.2128772693024,5.5,340,100,3806.46412794497,"H6W261","UV",405,"NS",200,"H6W261  :  NS  :  200  (nm)"
"503",81.4936317424456,5,340,100,3493.7875985415,"H6W261","UV",405,"NS",200,"H6W261  :  NS  :  200  (nm)"
"504",107.490687035373,6.5,340,100,3707.36494405288,"H6W261","UV",405,"NS",200,"H6W261  :  NS  :  200  (nm)"
"505",99.8025102071677,6,340,100,3642.84690545071,"H6W261","UV",405,"NS",200,"H6W261  :  NS  :  200  (nm)"
"506",122.38272580019,7.5,340,100,3765.29081887609,"H6W261","UV",405,"NS",200,"H6W261  :  NS  :  200  (nm)"
"507",115.272965596978,7,340,100,3708.59043749012,"H6W261","UV",405,"NS",200,"H6W261  :  NS  :  200  (nm)"
"508",134.464781209697,8.5,340,100,3953.59368818367,"H6W261","UV",405,"NS",200,"H6W261  :  NS  :  200  (nm)"
"509",128.954516031018,8,340,100,3886.22762602556,"H6W261","UV",405,"NS",200,"H6W261  :  NS  :  200  (nm)"
"510",147.49942298466,9.5,340,100,3870.22039266134,"H6W261","UV",405,"NS",200,"H6W261  :  NS  :  200  (nm)"
"511",181.379599741769,10,360,100,5010.80197906494,"H4W261","UV",405,"NS",300,"H4W261  :  NS  :  300  (nm)"
"512",73.0648293720522,3.5,360,100,3767.83893547436,"H4W261","UV",405,"NS",300,"H4W261  :  NS  :  300  (nm)"
"513",52.3027404672481,3,360,100,3503.75230186259,"H4W261","UV",405,"NS",300,"H4W261  :  NS  :  300  (nm)"
"514",130.454514047405,4.5,360,100,4031.18304396115,"H4W261","UV",405,"NS",300,"H4W261  :  NS  :  300  (nm)"
"515",101.191363809041,4,360,100,4010.19921719178,"H4W261","UV",405,"NS",300,"H4W261  :  NS  :  300  (nm)"
"516",184.822391104642,5.5,360,100,4249.80199088901,"H4W261","UV",405,"NS",300,"H4W261  :  NS  :  300  (nm)"
"517",157.331950507706,5,360,100,4166.98879013441,"H4W261","UV",405,"NS",300,"H4W261  :  NS  :  300  (nm)"
"518",236.473556712437,6.5,360,100,4311.69771001585,"H4W261","UV",405,"NS",300,"H4W261  :  NS  :  300  (nm)"
"519",210.292059361373,6,360,100,4355.25880755941,"H4W261","UV",405,"NS",300,"H4W261  :  NS  :  300  (nm)"
"520",272.711541862686,7.5,360,100,4482.88304187547,"H4W261","UV",405,"NS",300,"H4W261  :  NS  :  300  (nm)"
"521",258.728137806487,7,360,100,4362.9905431424,"H4W261","UV",405,"NS",300,"H4W261  :  NS  :  300  (nm)"
"522",272.095476362054,8.5,360,100,4578.41008756741,"H4W261","UV",405,"NS",300,"H4W261  :  NS  :  300  (nm)"
"523",281.273993998426,8,360,100,4543.94435197847,"H4W261","UV",405,"NS",300,"H4W261  :  NS  :  300  (nm)"
"524",204.166035853147,9.5,360,100,4783.19910229559,"H4W261","UV",405,"NS",300,"H4W261  :  NS  :  300  (nm)"
"525",235.009154616411,9,360,100,4809.70922508069,"H4W261","UV",405,"NS",300,"H4W261  :  NS  :  300  (nm)"
